[
  {
    "name": "Node Community Convention",
    "url": "http://nodecommunityconvention.com/",
    "date": "January 26-28, 2016",
    "city": "San Francisco, CA",
    "country": "U.S.A."
  },
  {
    "name": "ForwardJS",
    "url": "http://forwardjs.com/summit",
    "date": "February 10, 2016",
    "city": "San Francisco, CA",
    "country": "U.S.A."
  },
  {
    "name": "Devnexus",
    "url": "https://www.devnexus.com",
    "date": "February 15-17, 2016",
    "city": "Atlanta, GA",
    "country": "U.S.A."
  },
  {
    "name": "NG-NL",
    "url": "http://www.ng-nl.org/",
    "date": "February 18, 2016",
    "city": "Amsterdam",
    "country": "The Netherlands"
  },
  {
    "name": "React.js Conf",
    "url": "http://conf.reactjs.com/",
    "date": "February 22-23, 2016",
    "city": "San Francisco, CA",
    "country": "U.S.A."
  },
  {
    "name": "JavaScript Summit",
    "url": "http://environmentsforhumans.com/2016/javascript-summit/",
    "date": "February 23-25, 2016",
    "city": "Online"
  },
  {
    "name": "EnhanceConf",
    "url": "http://enhanceconf.com/index.html",
    "date": "March 4, 2016",
    "city": "London",
    "country": "U.K."
  },
  {
    "name": "Fluent",
    "url": "http://fluentconf.com",
    "date": "March 8-10, 2016",
    "city": "San Francisco, CA",
    "country": "U.S.A."
  },
  {
    "name": "NationJS",
    "url": "http://nationjs.com/",
    "date": "March 11, 2016",
    "city": "Washington, DC",
    "country": "U.S.A."
  },
  {
    "name": "SmashingConf Oxford",
    "url": "http://smashingconf.com/speakers",
    "date": "March 15-16, 2016",
    "city": "Oxford",
    "country": "U.K."
  },
  {
    "name": "EmberConf",
    "url": "http://emberconf.com/",
    "date": "March 29-30, 2016",
    "city": "Portland, OR",
    "country": "U.S.A."
  },
  {
    "name": "Fronteers Spring Conference",
    "url": "https://fronteers.nl/congres/2016-spring",
    "date": "April 1, 2016",
    "city": "Amsterdam",
    "country": "The Netherlands"
  },
  {
    "name": "Jazoon",
    "url": "http://jazoon.com/",
    "date": "April 8, 2016",
    "city": "Bern",
    "country": "Switzerland"
  },
  {
    "name": "Render",
    "url": "http://2016.render-conf.com/",
    "date": "April 21-22, 2016",
    "city": "Oxford",
    "country": "U.K."
  },
  {
    "name": "Convergese",
    "url": "http://convergese.com/",
    "date": "April 13-15, 2016",
    "city": "Columbia, SC",
    "country": "U.S.A."
  },
  {
    "name": "JSConf UY",
    "url": "https://jsconf.uy/",
    "date": "April 15-16, 2016",
    "city": "Montevideo",
    "country": "Uruguay"
  },
  {
    "name": "React Amsterdam",
    "url": "https://react.amsterdam/2016",
    "date": "April 16, 2016",
    "city": "Amsterdam",
    "country": "The Netherlands"
  },
  {
    "name": "JSUnconf",
    "url": "http://2016.jsunconf.eu/",
    "date": "April 23-24, 2016",
    "city": "Hamburg, Germany|"
  },
  {
    "name": "JSConf BE",
    "url": "https://jsconf.be/en/",
    "date": "May 3, 2016 ",
    "city": "Bruges",
    "country": "Belgium"
  },
  {
    "name": "ng-conf",
    "url": "http://www.ng-conf.org",
    "date": "May 4-6, 2016",
    "city": "Salt Lake City, UT",
    "country": "U.S.A."
  },
  {
    "name": "London NodeConf",
    "url": "http://london.nodeconf.com/",
    "date": "May 11, 2016",
    "city": "London",
    "country": "U.K."
  },
  {
    "name": "JSDay Italy",
    "url": "http://2016.jsday.it/",
    "date": "May 11-12, 2016",
    "city": "Verona",
    "country": "Italy"
  },
  {
    "name": "JSConf Budapest",
    "url": "http://jsconfbp.com/",
    "date": "May 12-13, 2016",
    "city": "Budapest",
    "country": "Hungary"
  },
  {
    "name": "Front Trends",
    "url": "http://2016.front-trends.com",
    "date": "May 18-20, 2016",
    "city": "Warsaw",
    "country": "Poland"
  },
  {
    "name": "PhoneGap Day EU",
    "url": "http://pgday.phonegap.com/eu2016",
    "date": "May 19-20, 2016",
    "city": "Amsterdam",
    "country": "The Netherlands"
  },
  {
    "name": "Frontend United",
    "url": "http://frontendunited.org/",
    "date": "May 27-28, 2016",
    "city": "Ghent",
    "country": "Belgium"
  },
  {
    "name": "CEJS",
    "url": "http://www.cejs.com.br/",
    "date": "May 28, 2016",
    "city": "Fortaleza, Brazil|"
  },
  {
    "name": "React Europe",
    "url": "https://www.react-europe.org/",
    "date": "June 2-3, 2016",
    "city": "Paris",
    "country": "France"
  },
  {
    "name": "ScotlandJS",
    "url": "http://scotlandjs.com/",
    "date": "June 2-3, 2016",
    "city": "Edinburgh",
    "country": "U.K."
  },
  {
    "name": "NodeConf Oslo",
    "url": "http://oslo.nodeconf.com/",
    "date": "June 4, 2016",
    "city": "Oslo",
    "country": "Norway"
  },
  {
    "name": "Best of Web Paris",
    "url": "http://bestofweb.paris/",
    "date": "June 9-10, 2016",
    "city": "Paris",
    "country": "France"
  },
  {
    "name": "SmashingConf New York",
    "url": "http://smashingconf.com/",
    "date": "June 14-15, 2016",
    "city": "New York",
    "country": "U.S.A."
  },
  {
    "name": "EnterJS",
    "url": "https://www.enterjs.de/",
    "date": "June 14-16, 2016",
    "city": "Darmstadt",
    "country": "Germany"
  },
  {
    "name": "Rolling Scopes Krakow",
    "url": "https://krakow.rollingscopes.com/",
    "date": "June 16, 2016",
    "city": "Krakow",
    "country": "Poland"
  },
  {
    "name": "CSSDay",
    "url": "http://cssday.nl/2016",
    "date": "June 16-17, 2016",
    "city": "Amsterdam",
    "country": "The Netherlands"
  },
  {
    "name": "NodePDX",
    "url": "http://nodepdx.org/",
    "date": "June 19-21, 2016",
    "city": "Portland",
    "country": "U.S.A."
  },
  {
    "name": "Developer Week Nürnberg",
    "url": "http://www.developer-week.de/",
    "date": "June 20-23, 2016",
    "city": "Nuremberg",
    "country": "Germany"
  },
  {
    "name": "DinosaurJS",
    "url": "https://dinosaurjs.org/",
    "date": "June 24, 2016",
    "city": "Denver",
    "country": "U.S.A."
  },
  {
    "name": "You Gotta Love Frontend",
    "url": "http://yougottalovefrontend.com/",
    "date": "June 27-28, 2016",
    "city": "Tel Aviv, Israel|"
  },
  {
    "name": "Angular Camp",
    "url": "http://angularcamp.org/",
    "date": "July 1-3, 2016",
    "city": "Barcelona",
    "country": "Spain"
  },
  {
    "name": "FullStack",
    "url": "https://skillsmatter.com/conferences/7278-fullstack#overview",
    "date": "July 13-15, 2016",
    "city": "London",
    "country": "U.K."
  },
  {
    "name": "JSinSA",
    "url": "http://www.jsinsa.com/",
    "date": "July 16, 2016",
    "city": "Johannesburg, Sout",
    "country": "Africa"
  },
  {
    "name": "Front Porch Austin",
    "url": "http://frontporch.io/austin/",
    "date": "July 19, 2016",
    "city": "Austin",
    "country": "U.S.A."
  },
  {
    "name": "Node Summit",
    "url": "http://nodesummit.com/",
    "date": "July 26-28, 2016",
    "city": "San Francisco, CA",
    "country": "U.S.A."
  },
  {
    "name": "Code",
    "url": "http://www.webdirections.org/code16/",
    "date": "July 28-29, 2016",
    "city": "Sydney",
    "country": "Australia"
  },
  {
    "name": "ForwardJS",
    "url": "https://forwardjs.com/",
    "date": "July 29, 2016",
    "city": "San Francisco, CA",
    "country": "U.S.A."
  },
  {
    "name": "npm camp",
    "url": "http://npm.camp/",
    "date": "July 30, 2016",
    "city": "Oakland, CA",
    "country": "U.S.A."
  },
  {
    "name": "Code",
    "url": "http://www.webdirections.org/code16/",
    "date": "August 1-2, 2016",
    "city": "Melbourne",
    "country": "Australia"
  },
  {
    "name": "Midwest JS",
    "url": "http://midwestjs.com/",
    "date": "August 10-12, 2016",
    "city": "Minneapolis, MN",
    "country": "U.S.A."
  },
  {
    "name": "JSConf Iceland",
    "url": "http://jsconf.is/",
    "date": "August 25-26, 2016",
    "city": "Reykjavik",
    "country": "Iceland"
  },
  {
    "name": "React Rally",
    "url": "http://www.reactrally.com/#/",
    "date": "August 25-26, 2016",
    "city": "Salt Lake City, UT",
    "country": "U.S.A."
  },
  {
    "name": "NeJS Conf",
    "url": "https://nejsconf.com/",
    "date": "August 26, 2016",
    "city": "Omaha, NE",
    "country": "U.S.A."
  },
  {
    "name": "BrazilJS",
    "url": "https://braziljs.org/conf",
    "date": "August 26-27, 2016",
    "city": "Porto Alegre",
    "country": "Brazil"
  },
  {
    "name": "Web Summer Camp",
    "url": "http://2016.websummercamp.com/",
    "date": "August 31-September 3, 2016",
    "city": "Rovinj",
    "country": "Croatia"
  },
  {
    "name": "ColdFront",
    "url": "https://2016.coldfrontconf.com/",
    "date": "September 1, 2016",
    "city": "Copenhagen",
    "country": "Denmark"
  },
  {
    "name": "Frontend Conference Zurich",
    "url": "https://frontendconf.ch/",
    "date": "September 1-2, 2016",
    "city": "Zurich",
    "country": "Switzerland"
  },
  {
    "name": "JSConf China",
    "url": "http://2016.jsconf.cn/",
    "date": "September 3-4, 2016",
    "city": "Nanjing",
    "country": "China"
  },
  {
    "name": "Full Stack Fest",
    "url": "http://www.fullstackfest.com/",
    "date": "September 5-9, 2016",
    "city": "Barcelona",
    "country": "Spain"
  },
  {
    "name": "NordicJS",
    "url": "http://nordicjs.com/",
    "date": "September 8-9, 2016",
    "city": "Stockholm",
    "country": "Sweden"
  },
  {
    "name": "SmashingConf Freiburg",
    "url": "http://smashingconf.com/freiburg-2016/",
    "date": "September 12-13, 2016",
    "city": "Freiburg",
    "country": "Germany"
  },
  {
    "name": "ReactNext",
    "url": "http://react-next.com/",
    "date": "September 15, 2016",
    "city": "Tel Aviv",
    "country": "Israel"
  },
  {
    "name": "elm-conf",
    "url": "https://www.elm-conf.us/",
    "date": "September 15, 2016",
    "city": "St. Louis",
    "country": "U.S.A."
  },
  {
    "name": "JSFoo",
    "url": "https://jsfoo.in/2016/",
    "date": "September 15-16, 2016",
    "city": "Bengaluru",
    "country": "India"
  },
  {
    "name": "Node.js Interactive Europe",
    "url": "http://events.linuxfoundation.org/events/node-interactive-europe",
    "date": "September 15-16, 2016",
    "city": "Amsterdam",
    "country": "The Netherlands"
  },
  {
    "name": "Northeast JavaScript Conference",
    "url": "http://www.northeastjsconference.com/",
    "date": "September 15-16, 2016",
    "city": "Stamford, CT",
    "country": "U.S.A."
  },
  {
    "name": "From the Front",
    "url": "https://2016.fromthefront.it/",
    "date": "September 15-16, 2016",
    "city": "Bologna",
    "country": "Italy"
  },
  {
    "name": "Smart Web",
    "url": "http://www.smartwebconf.com/",
    "date": "September 20, 2016",
    "city": "Bucharest",
    "country": "Romania"
  },
  {
    "name": "AngularConnect",
    "url": "http://angularconnect.com/",
    "date": "September 27-28, 2016",
    "city": "London",
    "country": "U.K."
  },
  {
    "name": "Paris Web",
    "url": "http://www.paris-web.fr/",
    "date": "September 29-October 1, 2016",
    "city": "Paris",
    "country": "France"
  },
  {
    "name": "Web Unleashed",
    "url": "http://fitc.ca/event/webu16/",
    "date": "October 3-4, 2016",
    "city": "Toronto",
    "country": "Canada"
  },
  {
    "name": "JSConf Colombia",
    "url": "http://jsconf.co/",
    "date": "October 7-8, 2016",
    "city": "Medellin",
    "country": "Colombia"
  },
  {
    "name": "HTML5 Days",
    "url": "http://html5-days.de/",
    "date": "October 10-12, 2016",
    "city": "Berlin",
    "country": "Germany"
  },
  {
    "name": "JavaScript Days",
    "url": "http://javascript-days.de/",
    "date": "October 10-12, 2016",
    "city": "Berlin",
    "country": "Germany"
  },
  {
    "name": "Connect.tech",
    "url": "http://connect.tech/",
    "date": "October 20-22, 2016",
    "city": "Atlanta",
    "country": "U.S.A."
  },
  {
    "name": "Node.js Conf Italy",
    "url": "http://nodejsconf.it/",
    "date": "October 22, 2016",
    "city": "Desenzano",
    "country": "Italy"
  },
  {
    "name": "JSDC.tw",
    "url": "http://2016.jsdc.tw/en/",
    "date": "October 22-23, 2016",
    "city": "Taipei",
    "country": "Taiwan"
  },
  {
    "name": "ng-europe",
    "url": "https://ngeurope.org/",
    "date": "October 25-26, 2016",
    "city": "Paris",
    "country": "France"
  },
  {
    "name": "SmashingConf Barcelona",
    "url": "http://smashingconf.com/barcelona-2016/",
    "date": "October 25-26, 2016",
    "city": "Barcelona",
    "country": "Spain"
  },
  {
    "name": "Dart Summit",
    "url": "https://www.dartlang.org/events/2016/summit/",
    "date": "October 26-27, 2016",
    "city": "Munich",
    "country": "Germany"
  },
  {
    "name": "Reactive Conference",
    "url": "https://reactiveconf.com/",
    "date": "October 26-28, 2016",
    "city": "Bratislava",
    "country": "Slovakia"
  },
  {
    "name": "ThunderPlains",
    "url": "http://thunderplainsconf.com/",
    "date": "November 3-4, 2016",
    "city": "Oklahoma City, OK",
    "country": "U.S.A."
  },
  {
    "name": "Beyond Tellerrand",
    "url": "https://beyondtellerrand.com/events/berlin-2016",
    "date": "November 7-9, 2016",
    "city": "Berlin",
    "country": "Germany"
  },
  {
    "name": "ffconf",
    "url": "https://2016.ffconf.org/",
    "date": "November 10-11, 2016",
    "city": "Brighton",
    "country": "U.K."
  },
  {
    "name": "Frontier",
    "url": "https://www.frontierconf.com/",
    "date": "November 16, 2016",
    "city": "London",
    "country": "U.K."
  },
  {
    "name": "AngularUP",
    "url": "http://angular-up.com/",
    "date": "November 17, 2016",
    "city": "Tel Aviv",
    "country": "Israel"
  },
  {
    "name": "HalfStack",
    "url": "http://halfstackconf.com/",
    "date": "November 19, 2016",
    "city": "London",
    "country": "U.K."
  },
  {
    "name": "NodeConf Argentina",
    "url": "https://2016.nodeconf.com.ar/",
    "date": "November 18-19, 2016",
    "city": "Buenos Aires",
    "country": "Argentina"
  },
  {
    "name": "Nodevember",
    "url": "http://nodevember.org/",
    "date": "November 20-21, 2016",
    "city": "Nashville",
    "country": "U.S.A."
  },
  {
    "name": "NgPoland",
    "url": "http://ng-poland.pl/",
    "date": "November 21-22, 2016",
    "city": "Warsaw",
    "country": "Poland"
  },
  {
    "name": "CSSConf.Asia",
    "url": "https://2016.cssconf.asia/",
    "date": "November 24, 2016",
    "city": "Singapore",
    "country": "Singapore"
  },
  {
    "name": "JS Kongress",
    "url": "http://js-kongress.de/",
    "date": "November 28-29, 2016",
    "city": "Munich",
    "country": "Germany"
  },
  {
    "name": "Node.js Interactive US",
    "url": "http://events.linuxfoundation.org/events/node-interactive",
    "date": "November 29-30, 2016",
    "city": "Austin, TX",
    "country": "U.S.A."
  },
  {
    "name": "JSConf Australia",
    "url": "http://2016.jsconfau.com/",
    "date": "December 1, 2016",
    "city": "Melbourne",
    "country": "Australia"
  },
  {
    "name": "Most JS Frameworks Day",
    "url": "http://frameworksdays.com/event/most-js-fwdays-2016",
    "date": "December 4, 2016",
    "city": "Kyiv",
    "country": "Ukraine"
  },
  {
    "name": "DotJS",
    "url": "http://www.dotjs.io/",
    "date": "December 2-5, 2016",
    "city": "Paris",
    "country": "France"
  },
  {
    "name": "HolyJS",
    "url": "http://holyjs.ru/",
    "date": "December 11, 2016",
    "city": "Moscow",
    "country": "Russia"
  }
]
